[{"fields": {"name": "Asset Building", "description": "[{\"type\": \"heading\", \"value\": \"Asset Building\"}]"}, "model": "programs.program", "pk": 4}, {"fields": {"name": "Better Life Lab", "description": "[{\"type\": \"heading\", \"value\": \"Better Life Lab\"}]"}, "model": "programs.program", "pk": 14}, {"fields": {"name": "Cybersecurity Initiative", "description": "[{\"type\": \"heading\", \"value\": \"Cybersecurity Initiative\"}]"}, "model": "programs.program", "pk": 39}, {"fields": {"name": "Economic Growth", "description": "[{\"type\": \"heading\", \"value\": \"Economic Growth\"}]"}, "model": "programs.program", "pk": 49}, {"fields": {"name": "Economic Growth", "description": "[{\"type\": \"heading\", \"value\": \"Economic Growth\"}]"}, "model": "programs.program", "pk": 59}, {"fields": {"name": "Economic Growth", "description": "[{\"type\": \"heading\", \"value\": \"Economic Growth\"}]"}, "model": "programs.program", "pk": 69}, {"fields": {"name": "Economic Growth", "description": "[{\"type\": \"heading\", \"value\": \"Economic Growth\"}]"}, "model": "programs.program", "pk": 78}, {"fields": {"name": "Open Technology Institute", "description": "[{\"type\": \"heading\", \"value\": \"Open Technology Institute\"}]"}, "model": "programs.program", "pk": 87}, {"fields": {"name": "Economic Growth", "description": "[{\"type\": \"heading\", \"value\": \"Economic Growth\"}]"}, "model": "programs.program", "pk": 96}, {"fields": {"name": "Open Markets", "description": "[{\"type\": \"heading\", \"value\": \"Open Markets\"}]"}, "model": "programs.program", "pk": 105}, {"fields": {"name": "Resilient Communities", "description": "[{\"type\": \"heading\", \"value\": \"Resilient Communities\"}]"}, "model": "programs.program", "pk": 114}, {"fields": {"name": "Fellows", "description": "[{\"type\": \"paragraph\", \"value\": \"<p>Fellows</p>\"}]"}, "model": "programs.program", "pk": 132}, {"fields": {"name": "New America Weekly", "description": "[{\"type\": \"paragraph\", \"value\": \"<p>New America Weekly</p>\"}]"}, "model": "programs.program", "pk": 133}, {"fields": {"name": "Opportunity@Work", "description": "[{\"type\": \"paragraph\", \"value\": \"<p>Opportunity@Work</p>\"}]"}, "model": "programs.program", "pk": 134}, {"fields": {"program": 4, "subprogram": 5}, "model": "programs.programsubprogramrelationship", "pk": 1}, {"fields": {"program": 14, "subprogram": 15}, "model": "programs.programsubprogramrelationship", "pk": 2}, {"fields": {"program": 39, "subprogram": 40}, "model": "programs.programsubprogramrelationship", "pk": 3}, {"fields": {"program": 49, "subprogram": 68}, "model": "programs.programsubprogramrelationship", "pk": 5}, {"fields": {"program": 87, "subprogram": 123}, "model": "programs.programsubprogramrelationship", "pk": 6}, {"fields": {"program": 87, "subprogram": 124}, "model": "programs.programsubprogramrelationship", "pk": 7}, {"fields": {"program": 105, "subprogram": 128}, "model": "programs.programsubprogramrelationship", "pk": 8}, {"fields": {"program": 59, "subprogram": 129}, "model": "programs.programsubprogramrelationship", "pk": 9}, {"fields": {"program": 59, "subprogram": 130}, "model": "programs.programsubprogramrelationship", "pk": 10}, {"fields": {"program": 59, "subprogram": 131}, "model": "programs.programsubprogramrelationship", "pk": 11}, {"fields": {"program": 87, "subprogram": 135}, "model": "programs.programsubprogramrelationship", "pk": 12}, {"fields": {"program": 87, "subprogram": 136}, "model": "programs.programsubprogramrelationship", "pk": 13}, {"fields": {"program": 87, "subprogram": 137}, "model": "programs.programsubprogramrelationship", "pk": 14}, {"fields": {"name": "Global Assets Project", "description": "[{\"type\": \"paragraph\", \"value\": \"<p>Global Assets Project</p>\"}]"}, "model": "programs.subprogram", "pk": 5}, {"fields": {"name": "Global Gender Parity Initiative", "description": "[{\"type\": \"paragraph\", \"value\": \"<p>Global Gender Parity Initiative</p>\"}]"}, "model": "programs.subprogram", "pk": 15}, {"fields": {"name": "Global Cyber Definitions Database", "description": "[{\"type\": \"paragraph\", \"value\": \"<p>\\n\\n\\n\\n\\n\\n\\n\\n</p><p>Global Cyber Definitions Database</p>\"}]"}, "model": "programs.subprogram", "pk": 40}, {"fields": {"name": "Better Banking Project", "description": "[{\"type\": \"paragraph\", \"value\": \"<p>Better Banking Project</p>\"}]"}, "model": "programs.subprogram", "pk": 68}, {"fields": {"name": "Commotion Wireless", "description": "[]"}, "model": "programs.subprogram", "pk": 123}, {"fields": {"name": "Wireless Future Project", "description": "[]"}, "model": "programs.subprogram", "pk": 124}, {"fields": {"name": "Resilient Systems", "description": "[]"}, "model": "programs.subprogram", "pk": 128}, {"fields": {"name": "Higher Ed Watch", "description": "[{\"type\": \"paragraph\", \"value\": \"<p>Higher Ed Watch</p>\"}]"}, "model": "programs.subprogram", "pk": 129}, {"fields": {"name": "Federal Education Budget Project", "description": "[{\"type\": \"paragraph\", \"value\": \"<p>Federal Education Budget Project</p>\"}]"}, "model": "programs.subprogram", "pk": 130}, {"fields": {"name": "Early & Elementary Education Policy", "description": "[{\"type\": \"paragraph\", \"value\": \"<p>Early &amp; Elementary Education Policy</p>\"}]"}, "model": "programs.subprogram", "pk": 131}, {"fields": {"name": "Measurement Lab", "description": "[{\"type\": \"paragraph\", \"value\": \"<p>Measurement Lab</p>\"}]"}, "model": "programs.subprogram", "pk": 135}, {"fields": {"name": "Ranking Digital Rights", "description": "[{\"type\": \"paragraph\", \"value\": \"<p>Ranking Digital Rights</p>\"}]"}, "model": "programs.subprogram", "pk": 136}, {"fields": {"name": "Transparency Reporting Toolkit", "description": "[{\"type\": \"paragraph\", \"value\": \"<p>Transparency Reporting Toolkit</p>\"}]"}, "model": "programs.subprogram", "pk": 137}]